scale_roi,angle_roi,scale_roi_geo,angle_roi_geo,frame
1.405473236850055,4.374779312801327,1.2049979409822629,2.9015252954934763,0
0.6162395711630588,9.842591112769208,1.1128693299663763,2.780244753228297,1
1.111900972677568,5.295497940792619,1.2719612645946552,3.597838518912481,2
1.067678066771028,3.789594334205228,1.1413453744401,2.204727098390398,3
1.0558304473738294,1.0713605174221996,1.1367340002953068,2.066349644219261,4
1.1566879104534338,2.13731222745218,1.0940915182800404,3.3105855555136077,5
0.9960805328887916,1.0170306980784776,1.034043308408849,4.874953134866281,6
0.48488345871428795,137.91069954407115,1.2890973857534203,3.6911868423554655,7
1.398535792944329,4.130631470437197,1.1798034559304,3.3009172798179116,8
1.6244549813443354,5.202925296423034,0.8727746372476826,3.8438045748479683,9
1.6013141167459644,5.574148143137925,1.1950622107063487,3.6387692774635156,10
2.164832915696852,8.196210041410968,1.0596837111596886,4.529185208258153,11
3.202114414025333,10.760302174941938,1.105948486478632,2.824199398848298,12
0.30675887197107077,48.07936975667708,0.9718831543525499,3.4125867836264785,13
1.2069552069033198,4.017671545082352,1.157899299524265,3.0141226640229464,14
1.243682519806662,3.7321582980066275,1.222247923902701,3.2248205857514964,15
1.1480266888065715,1.4982968800067626,1.073218278988575,3.2030214708124483,16
1.2324196669791119,3.4550109789401127,1.1859612565172766,4.5590977312009695,17
1.2800845285181965,3.977058314696916,1.1590683992791333,4.284798747610406,18
1.6851656040419636,5.673248455619944,1.2012352662052599,3.774871977777051,19
1.3856925917149812,4.1812130698533885,1.0335637710983343,1.8590489071543812,20
4.483096753871597,8.596660008503632,0.7017566938877903,6.443376957584978,21
1.3087377321384512,5.046121243125239,1.2102892204870839,3.5918181910104474,22
0.5044679695594549,54.76462207778598,1.3135901192106256,3.6575158921888526,23
0.29228599577892644,23.703023708587605,1.0329839116364599,2.9200505790677727,24
0.7382674994331833,12.450227343013541,1.3198699561807898,3.7413173170858487,25
1.188383177193451,2.5527799040366297,1.0919275138747975,2.739156355641059,26
0.8816151237389781,2.6072000220122025,1.1768277033013663,2.682368097766,27
1.2372033872880568,6.086745202547828,1.4573595659182441,5.091476816744381,28
1.2361343191932943,4.482413840312704,1.5834779713041742,4.8737440914263885,29
2.0452742454695647,164.32670866501618,1.1307307559616164,3.278345928683584,30
1.7603593216431679,7.176352418074944,1.0568033021536567,2.65648315700996,31
1.5528994676917787,6.452512524513563,0.9619674822065646,2.248916942559531,32
1.3243378786540538,5.038308177065467,0.9509715017383731,2.353027030826656,33
1.2839120899342262,3.7486621144444334,1.0182239865998142,1.9060023609483603,34
1.2488702475157694,3.9834940790589806,1.0635726198918045,2.2000717041911857,35
0.3884355613906753,19.659018816683997,1.3531853293281637,4.144418129332475,36
1.408358062363817,5.279952160755306,1.1485707634752926,3.183631699974985,37
1.0634565718740288,1.9687035081522757,1.1728417526034371,3.1775535833369664,38
0.8804258634376935,6.151275433907483,1.1858898825606627,2.711682786138565,39
1.2341518262325353,3.0398087381413625,1.2196267177318854,2.5902597264899714,40
1.2780222170061557,2.5547904728621598,1.1976397460995585,2.1068187304147377,41
0.9043519973689845,13.24189310169303,1.0544992913765312,2.4043578233798155,42
1.4556095229189312,4.611978962003207,1.3238762132953077,3.138883781980924,43
1.2335682282700415,5.842894109836675,1.1480417700956658,2.819675717299157,44
0.3811325962032214,128.66322019636,1.177967856911136,3.0396342408558956,45
1.2520886703281602,4.196273197126741,1.248746066281846,2.9487055129495676,46
0.8227590662632204,8.253058167520878,1.1453742243165685,2.9056568529157585,47
0.23666654642601556,79.7703024719341,1.0371506479231396,1.5151904802752318,48
1.0614612206820984,1.6413060196464246,1.052413216672343,1.4255896326921724,49
0.7841404895203493,6.384127653232052,1.2326542946835088,2.685709563020555,50
1.6252576001569712,5.982348010904058,0.9620314016960685,2.082521521305339,51
1.484971003974622,5.2207611923834465,1.2298738653366046,2.8377253210889486,52
0.4888370402893683,14.658851203758276,1.4387774538545588,4.286057970604741,53
0.4323437505746781,29.83308372605566,1.430062222003758,3.692035744362019,54
0.8992344903279641,14.069274892692853,1.0759772730272266,2.021328523378388,55
1.1471495046376903,2.5585103053666947,1.0931363973727162,1.8461609084239856,56
1.2686078413903232,5.83894276569276,1.0521294118018538,1.9930018634187077,57
0.7761138863044582,9.316298044827953,1.3784510792278584,4.327214234469982,58
1.2236612189575287,3.842884343503867,1.0994396535083035,1.8194052461653036,59
0.21931383280995728,82.77327615684884,1.2369829798740493,2.8510703469716443,60
0.3528637248960166,30.81375767316567,1.0189185301354642,4.571089674066652,61
0.722128261055541,7.424781528793767,1.1728527229754113,2.123992913712058,62
1.212774234390688,14.322546253510742,1.3703574662887446,3.111421720879539,63
1.6316484527673412,10.616042723504036,1.3636522581996167,3.307236735674041,64
1.1276054015026646,30.496807582541,1.14589580963368,3.1993238540281412,65
1.5811413830384913,94.71545747978475,0.9276627594245305,0.7424907160719865,66
1.275967579854739,4.099457382576307,1.3771492252173592,2.88690473930086,67
0.6712175414674797,24.4215024060872,1.4596396322165568,3.8108198564819262,68
1.066190481440943,156.2330342268446,1.270998402883553,2.2916156993885664,69
1.1040435661964398,6.347625273065885,1.0150703454199923,1.9028456211272686,70
2.0058055740048832,8.945613621082801,1.0888296789754623,2.2748687813138893,71
0.29296293868686396,32.69445373014135,1.0972992820919607,2.978308094271506,72
0.40810167716829254,23.204411641761922,1.1105430362476982,2.591918540921378,73
1.169104313954193,4.582156215549766,1.0647052550933327,3.2021953812964377,74
4.198211718863382,34.975069468325685,1.2450854791411903,4.064408965230683,75
3.007769311954555,43.145784972381556,1.2031321776865675,3.404208925792508,76
2.1724879144051767,153.12638848893712,1.148467077874478,2.2413845434258213,77
0.9354160450647251,126.611617160162,1.0298297825055156,0.9109760236309881,78
3.0175920093124167,10.257613408322165,1.3226577083639457,2.604646831013028,79
1.256111739337386,3.50673050272821,1.2894277703872299,2.5891916277927867,80
1.364569722855415,3.9822083808745368,1.1596371615942065,3.0002082028678747,81
0.3462011915737968,26.335528820265772,1.1987047876816586,4.25393569635395,82
7.387230820831326,160.20645851200024,0.9789237548677207,3.4761180604695663,83
0.9144806091158063,2.411285230104146,1.1314599109628019,4.5405272299104436,84
1.1406420873505132,2.584024911961974,1.1623144084582928,3.956569315553648,85
6.283720419155001,8.083896150164074,1.2393376487891332,3.956431486147976,86
2.6677589338557075,132.3393075797151,1.3588358577343194,4.825805105995146,87
1.460102872526968,5.918112152758229,1.1747784777792256,3.3864707263857303,88
0.6006837318122498,123.98757682998756,1.1006669218410707,4.760803442530542,89
5.021386349370454,157.54684420179973,0.9266378466400971,4.325053683991798,90
7.339334413087094,13.121382059643945,1.1670976798438142,3.8224213887097216,91
5.744998291710116,100.89059113605579,1.3274226372486502,3.8092568179646378,92
1.5206959669709448,10.431322507146595,1.1378349428886707,3.1298951503402326,93
2.5618098146281434,36.04897589281977,1.3436122213839545,2.694787906081901,94
4.330995572655973,152.9866793119231,1.2278634192230407,3.2328649334478743,95
10.468290174627507,11.315058345969328,1.3775426251646672,3.450638614783484,96
0.0,0.0,1.259594609797561,2.8598500118904857,97
0.4697681626643172,147.50364249211162,0.9121275672845708,0.8936592754722741,98
0.2927887289473828,89.83063164211501,1.253006291814126,2.89883763693174,99
1.2190415051450478,2.786571053702984,1.220774526670159,3.224977577434644,100
1.4677832370936525,5.591061116560211,1.3576280731639854,4.210401189559116,101
1.5040783569606744,4.926490855053154,1.4382692813372115,3.7799281332914365,102
1.1807725844637433,5.507288378330086,1.3617608310526303,3.479494343026347,103
1.1534813225789087,4.536222095654801,1.3899944763708976,3.3502475835215213,104
1.1846103617559067,2.5902188714732803,1.189904799174179,3.093870713786321,105
1.3162702904740133,3.2373252298636714,1.1572698359428968,2.1437432742454137,106
1.3132824359512738,3.267481507723069,1.2457705203471294,2.635642843752574,107
1.946056205647651,7.3024216050960415,1.3511653144093054,2.74659351582015,108
1.2309638319371672,3.1640180101007234,1.1876415510000762,2.3397324687562757,109
1.425117307186186,5.232706779322502,1.3343493392465573,3.7953134119122467,110
1.9460627980960572,9.627399198102367,1.0176995486136422,5.026489156798716,111
0.5347379096190906,15.378604851879656,1.024901996442013,0.4789004878094072,112
0.7963932258334071,4.941379337799775,1.1821399855911991,2.714863440119212,113
1.0275190949516966,1.005312831955893,1.1191590892749,1.7766041749065404,114
1.2068859137830548,2.1916684094857084,1.0762852796793636,1.6692818134265242,115
1.2547898017993138,2.6069482302385336,1.3144549983237097,2.785862509300798,116
1.3413529530588417,4.8981201792497755,1.2939280149772943,2.7031310213105892,117
0.4211917979544999,23.320837479386853,1.5461591496380525,2.6165629602557647,118
1.3574834649313468,3.2514686221938054,1.1942764382453406,3.819224266386634,119
1.2181146728950603,0.835411629108284,1.1741996275704614,1.7181695463003257,120
2.771740646363516,8.173392492663965,1.2219754868003379,2.489733853385411,121
3.59827285782,9.096408062022023,1.2045866036457655,2.405447029622201,122
1.2078869616209096,3.7320647331122014,1.4149203007731455,3.0890119230632433,123
0.8626261001021195,4.354058915156576,1.0893859469084024,3.639023608508426,124
1.239103800077026,2.966396293871523,1.331213741052194,3.753865127639528,125
1.0418769561723482,0.34504903798665565,1.2086937980138388,2.4560608619862427,126
1.1350024247688817,1.344668741253665,1.214185226541701,2.6748503260666676,127
1.2968056382559312,4.227675992597396,1.1445245349886473,2.7461138968920955,128
0.7119335365619769,8.040289062756601,1.4138020342696889,3.3380635670156047,129
1.0034911130430941,2.1818656331081496,1.2778638584633908,2.9224511196688727,130
1.2427990776808386,3.0256749843364683,1.1507283161792143,2.844336441976725,131
1.3678691350789696,3.5997035938952844,1.2244293227265293,2.367581091356166,132
1.4252905488704026,4.683293442659544,1.2669389379476925,4.338609424451869,133
1.374141605018053,3.5189151873732967,1.2273296562606404,3.428797641959867,134
0.5858312422704587,10.819344540942362,1.2663028664703737,2.2639874599449485,135
1.031754562688124,0.5500794623521168,1.084566789705288,3.0964224411205508,136
1.3330210724709035,4.466195502607757,1.0956873150125332,3.287517634829709,137
1.2234272716490668,2.989275698635401,1.2614584232001105,3.2225992026549815,138
1.3063518318972298,5.09901571178095,1.319347084732658,2.8429794815238054,139
1.1669745859588523,1.937030302904899,1.2412111421853473,4.212539058845309,140
0.9234978880775239,10.674987725129705,1.29005415269102,2.4311632372259213,141
1.2378989477870626,2.519231496680129,1.246166887612971,3.5340918265829018,142
5.62466329214427,5.490759946158015,1.5425849151411266,3.3946768362256603,143
0.41966825432976745,53.69841881539703,1.2459656223383384,3.138046472005713,144
1.5136745367502178,5.122421786002177,1.3978067741351234,3.4816080958173563,145
12.509635142234817,9.89671510906067,1.6038493947078203,3.2872236688629224,146
0.3173440973977454,115.68240373560224,1.018986861743167,3.5307173525267896,147
0.8169885444132039,10.341273944643994,1.3027836807698145,3.3125609313463227,148
0.8822195358022619,6.889683437763253,1.0613777549225987,6.018119899437839,149
0.7756825318873314,4.885592518391657,1.177076851669754,1.8741232960296477,150
1.171272366941804,2.4828859159396717,1.0464701722723353,1.6453730483244626,151
1.1970514438026012,3.0043901460096887,1.3466704139514052,2.9241513524121925,152
1.008751742986863,51.616942579847425,1.469459071014859,3.2023048270608405,153
0.6554723128133594,138.74168096623515,1.1967116012746133,2.426244187980439,154
1.3494082424575333,8.738902361601033,1.43141036411313,3.2023391958007634,155
1.3759561463418621,6.195934647600704,1.120535479145876,4.316943070010413,156
1.2647454324814753,3.06170382102724,1.3090571961982163,2.4627139079524722,157
0.8299261493339962,158.12663354872595,1.377206296741527,2.4924312655951817,158
4.081604945112874,163.60862924002984,0.9287639564439093,4.386099532300972,159
0.7326577151319388,4.8256556280203196,1.1197479555480372,3.4600132192849165,160
0.2945645501698367,91.4616359305917,1.288051459733017,3.501823679107563,161
1.422816353535851,4.314706311785714,1.1426196446556594,3.40866541930932,162
1.2147726882830454,3.035436439465233,1.061976480346902,1.5857567571424567,163
1.1943296956951965,2.9918485866309483,1.0598513938197178,2.3937379342396716,164
1.0953567651130638,15.618594798665386,1.1643818640326946,2.2250514362642955,165
2.137812265956608,5.941594093874361,1.078135561755724,3.0026737593782764,166
1.4423045119682976,13.698598697898044,0.9107281513482016,3.6005848350820226,167
0.762331182076104,23.04675117011738,1.341256074748781,3.3202094437332232,168
0.40691230962125735,133.4413707805802,1.2534514863159114,2.587085569759799,169
2.375818184213985,7.692557516419455,1.2432856984195593,3.3371237392431112,170
0.40776827839186225,13.603447514375606,1.0036943955687498,1.7515065871194206,171
0.8907376764297656,157.50318404888708,1.125853634296119,2.045861791241931,172
1.265015414451623,3.5402710113284317,1.2699409870884895,3.6965322944357935,173
0.7271909251004102,3.278288805774997,0.8980790728451151,3.399768048333629,174
0.9392626887209207,7.598308425982822,0.9953405292136186,1.8586659712641718,175
1.0625537812353336,2.5675692685435783,0.9141340126626507,4.158110051918131,176
1.0002428212825765,2.7922223208177543,1.0104565165986201,2.012573854167352,177
0.8321387098718149,2.354349279598891,1.0196880024047599,4.103676632052743,178
0.8778078400055259,31.002371285233657,1.0455826654337692,3.84842404478768,179
0.7194113544981801,18.066297344133954,1.048455470654443,3.900213950211387,180
0.44500249445192486,32.8752570652303,1.14909914948605,3.134887298410737,181
0.7620900762470454,9.868946457921876,1.0376819730210536,2.587810219715787,182
0.6064887953097544,25.72849554773821,1.049858004884882,3.796033419988575,183
1.0251307106077372,4.418960737005752,0.9169763223252425,3.7051818126481324,184
1.271784518920775,5.747245854954698,1.0336514032075041,3.162831244497337,185
0.46502711642433664,147.49395747271546,0.5282511798227105,8.735109264563519,186
0.7010410975982585,5.927999124729966,0.9507674225476482,3.2458601247348464,187
0.7548133102225351,5.029014263833551,0.9244186826929515,2.975764691495328,188
0.37309309618622016,19.88167164814351,0.7569870324913281,1.6305509667934865,189
0.23588500808700308,43.53999023970676,0.5890627684826781,2.612300878832784,190
0.5825390744767216,23.57542102548923,0.7413463600219562,2.2529378336419477,191
0.6176233086976818,5.31471734740833,0.8544272410470064,2.6569593502472535,192
0.6868489278589633,2.347886244550832,0.6263947439794738,3.7897305020522443,193
0.7680551338138593,4.76767054843982,0.8735255035357382,2.760112462019435,194
1.3737026312292162,6.9249087086976795,0.4474697261159751,6.924991565938508,195
0.8505538438953003,4.645488681346821,0.41700109355490783,9.344713618546347,196
0.9407511788295817,4.529811153805902,0.9423962405312164,4.235027580153778,197
1.336838108960366,10.14497407738614,0.9165114597538767,4.347611162562581,198
0.7923526872485079,4.226738195642933,0.6885783484291839,2.0036967281470113,199
0.32998724763481696,8.164115498030032,0.6500087148505197,4.025829934955969,200
0.7621263949293277,4.757497259806339,0.5786758055674267,2.3975907712836526,201
0.6143560687054048,1.52239049744964,0.5348084723850381,2.6843920510307995,202
0.7707280091498715,6.496960588270826,0.7358528372514144,3.4796131868790394,203
0.6505213040588128,4.808531437238668,0.5986839194112916,3.306036394377204,204
0.4081186738474001,6.9200841039065,0.540865391012261,0.35716548618812016,205
0.40473290670290124,10.823861529053149,0.5591273699671676,0.4064469022832355,206
0.5882137304758432,5.080667266229768,0.6610127275852833,2.497360059650474,207
0.5428637120085067,4.118860477749351,0.7051564149758093,2.36090184210531,208
0.6576399680659291,2.0220496707969464,0.7423725289565881,2.829293429917923,209
0.4392607848630362,9.531501922399976,0.5368408335420423,1.8142583621358261,210
0.4976816043392228,2.7771200124681807,0.8177120915515714,4.12636895809184,211
0.7542654832031656,4.068177768763222,0.7227883427549817,2.8819201310284317,212
0.6522619271503423,1.5390994200509427,0.77000259931215,2.7933935795358567,213
0.6006240191806308,1.5501179040819344,0.7882733698151007,3.805204368116231,214
0.7639533388073442,3.470911295403206,0.7416268321541549,3.354055308993009,215
0.690369410341912,2.3301241411792715,0.6530633555584853,7.776009156976398,216
0.6110487219477917,17.079807053219017,0.8386488084165422,3.52348457546171,217
0.5155055081767231,16.0398601084167,0.5353055596818806,15.72945064905561,218
0.49568397755990173,15.287957057197664,0.7875072597754903,3.3864985235469485,219
1.259532227566529,6.709504876813816,0.8149565945697079,3.0564664743577326,220
0.6898088315106449,5.993185340635247,0.752478564096784,3.3244385368336435,221
0.552455252612817,12.640583116962484,0.8263273238168922,4.386419123512501,222
0.7210334242297806,6.968736249721931,0.7670287234238887,3.1842489743351616,223
0.8641411966509053,6.082593399711501,0.7147394229198188,3.1626614368279746,224
0.7256382177327114,5.927119628176349,0.7593558144582004,3.985087458544387,225
0.5634006154309485,5.505472046782839,0.8230120194503024,3.2745620773050637,226
0.3065003899643488,137.70420499925925,0.8048322148673204,2.817376960238612,227
0.6799585160391601,3.1238482887382637,0.8789380724931163,3.3582787109982184,228
0.7518486287547592,3.107596445077495,0.8475799272487087,2.986987496145183,229
0.6372566774796073,5.506692219331072,0.8466029988066176,3.1558665582795102,230
0.8677934433720443,5.568458057701712,1.0309561864543013,4.990508383225925,231
0.3854489265137367,21.304384055590653,0.8695221799343508,3.309708709182108,232
0.8542266626007695,2.375367443433586,0.9038137415126907,3.08634083679808,233
1.0442908089831633,5.176807985788204,0.8715680700438252,3.0856163706217834,234
0.8502297405163726,2.61672321536441,0.850131291172039,2.2939556039414146,235
1.3056769452102444,9.591223122853657,0.8384599954332819,2.858219014216328,236
0.7343116097569872,11.58675031056233,0.8367062910861633,3.167912873537346,237
1.0262261173418783,4.638510143899778,0.8515843816429841,3.0970442360457184,238
1.0106502829247779,5.485114902439082,1.164262823556407,5.249295396383089,239
2.1016167712647316,8.991312720566699,0.940696245731441,3.2867887898257413,240
0.34534538293727046,5.9022041500604265,0.7615484238909261,2.4973132690623516,241
1.1838734005391722,8.132739784259105,0.9245826803341254,3.0220089903057605,242
1.477495861931114,10.104245423576488,0.9372742401959826,4.030767628449164,243
1.014530897457918,5.9130165110583475,0.5030194376667716,3.2311501446839825,244
0.897784537924778,152.30481845011093,0.8201802635690953,2.5652814938270017,245
1.1326434635334202,6.068289057490099,0.5181834095076328,7.466158642116054,246
0.5740783126345225,22.711270721620615,0.7768419107787794,2.6408341763011105,247
0.6572178093875656,39.11447251376065,0.870415685744127,3.8227583888929013,248
0.9431626659100067,3.69037510718285,0.8931810974231934,3.232816308170243,249
0.6703938353682655,0.6520391077668826,0.9056772084473367,3.0966271738400515,250
1.1008676348030297,11.420747255812241,0.8987477112503774,3.4706036202856043,251
1.2978765077681138,43.72471769727374,0.9281760424708311,2.862032500303304,252
1.061807685998829,19.43944533926198,0.8158391383023644,2.72218230779761,253
1.3967072701807373,7.82013075981509,0.7562924213402374,3.5598860771807144,254
0.8389652731305859,5.387498647723959,0.4169306955032339,8.060526140284534,255
0.3373861622004103,21.857078443879203,0.7740988298664454,2.3203743701338286,256
4.777565388233465,130.34505571094817,0.8281766785925418,3.0742131087695324,257
0.28565158233823684,55.88726889980548,0.7670167788480758,3.153401120739785,258
0.7252356659916248,1.685107290400273,0.7517843725107223,1.6247170167727496,259
0.7319222256019673,0.997520201014642,0.795076146525904,2.8547076609936513,260
0.7731115457237815,4.1221570070214115,0.7223030026616624,1.5830982962431839,261
0.506979791997842,9.052811422649393,0.764325454776635,2.3895036101745473,262
0.0,0.0,0.5254187251491748,3.887886840248905,263
0.459962607631178,18.41618203762779,0.7348584597653767,3.495882334335044,264
0.0,0.0,0.4308807843614249,13.870411987824083,265
0.0,0.0,0.8113185210060938,3.938283325281377,266
2.311896792432809,9.984643084711658,0.7540823995528904,5.308946700942553,267
0.575033111394855,43.37497778131699,0.9102972416223467,3.4695402220027316,268
0.9061983680402015,7.82254702797823,0.6542561278131197,4.37479298824806,269
0.5778846402721279,1.92916251253675,0.6366496214988148,3.190788027979907,270
0.6036326804370841,3.2078308251463246,0.6182592984817467,2.9447837797548724,271
0.6293876377946092,2.8280247330815906,0.6148323874088913,3.1136177984418865,272
0.6536043500601045,4.8537086807138445,0.524431112037189,3.1577194483781694,273
0.584842254907837,2.5460161638624856,0.5829489575373362,3.3657277452955494,274
0.5862220077951388,2.2444959953682786,0.3477392937122874,3.814691564782015,275
0.7150820170067592,8.278249111339763,0.4396214779093861,2.4097879172721965,276
2.7028984586088303,9.135576042106958,0.5463221256229851,1.663875179950029,277
0.6112184473157181,5.118872704786937,0.5146755383341676,3.003179612011014,278
0.5818544872846538,5.363159260905205,0.5078538277154981,3.686412932611435,279
0.5900010774697487,3.277012984138118,0.5697586570688841,4.4931535351675596,280
0.5501553179604497,5.280277602933148,0.3461309897971375,2.524903569446049,281
2.5397636102032317,163.42427434132347,0.6127054972093823,3.4279537751660656,282
1.3136415395500993,8.944403713427613,0.38344567123353546,1.8688784077930558,283
2.701685727815296,164.65410655371244,0.17581503350027375,141.0969446942637,284
0.4900140997261199,3.7546435786848074,0.39682066984853204,1.3773052969058417,285
0.4892099840134457,3.18083080543202,0.46851416803769885,2.9110259252485258,286
0.3930612335971985,35.72927467450529,0.40609108117421805,3.3295798380466546,287
2.7872521417797085,158.87256452873402,0.4830555070923705,5.63429707131842,288
0.4240947368759505,2.952349952677402,0.49741520579586335,3.2248865809319875,289
0.7434644585569168,7.582408059660479,0.39539385186679815,2.261252076431557,290
0.5734411784958716,6.466085093528035,0.3898319242069599,3.3766109115722847,291
0.4675104593215075,14.208553853842416,0.40261933324124227,3.4594363078712576,292
0.5446402835319654,8.391291062179421,0.4310223446147012,3.979782074779609,293
0.4633609393478019,4.263098731304387,0.39324470123028943,6.388156650201371,294
0.4427498588054195,4.581873512264908,0.4313685216802,5.693856146632726,295
0.4072389818300664,4.661814367368108,0.3972223964481148,3.6916998129141874,296
0.46493354207217547,6.77344065159803,0.3863865720386874,4.7167167530646354,297
0.4816637898606163,9.097354634123535,0.3908477714477178,5.6034201796722165,298
0.6403499914848394,10.49488962931695,0.3308913259124761,1.9097582042957146,299
0.5906282172483047,11.614871429565472,0.4416580982360761,8.313910128501805,300
0.6474799777704909,12.828331974693342,0.2397903457704666,1.3023885712375254,301
0.5770765921967987,11.94735103696871,0.13773591969962187,11.688403107581337,302
0.7339039219408634,8.118340149321972,0.5106825192897669,5.498012571626296,303
0.28821488210834545,17.92988907798531,0.3897836844218447,1.7551193343765785,304
0.2932023615592026,14.585554129665734,0.2667946036406217,3.039698494711455,305
0.503644224884518,5.694663173661075,0.3103725362313783,5.664242615520117,306
0.5901858096514593,8.211208341682873,0.277842428625541,5.497201378013907,307
0.11426050271481407,109.16998286365954,0.1280911392667576,27.190348933797395,308
0.17706894452578065,23.900146100357414,0.16179530931253794,26.19715834652217,309
0.12160528890377112,85.7132324645047,0.12318405883683449,42.151904738210185,310
0.26579857728234596,22.508936030400296,0.2443704371468688,18.937551407827325,311
0.19018640516584726,102.55962465483643,0.18565180526233008,38.67658915896493,312
0.26217239285763777,26.535596949775698,0.34951583135173153,25.735833410196253,313
0.3394387082951819,25.60268684718884,0.21587235150278494,33.762082412800254,314
0.6996012291232554,7.396264634917033,0.5072198106638274,3.53887903290162,315
0.5180259477827569,149.92983771777435,0.7148490178110654,4.420972822543796,316
0.8529309329370283,11.440467340279122,0.30688898301972317,22.73794095236275,317
0.17009798265305506,41.71870840536086,0.4650086540680236,8.914402325170595,318
2.2285148442759524,11.54099935883699,0.6331571443242165,4.921933122243616,319
0.16869365326652647,62.385141374836664,0.5418890878157647,7.197596952893828,320
0.47248726662227214,137.92558884141587,0.5366665898834244,6.500866310815728,321
0.29610071545741085,21.391426161622405,0.4817179899966695,11.276489909416826,322
0.6451792559692909,9.711197985397405,0.6830377755584409,6.526421963041986,323
0.7178313371609972,121.56903791449169,0.927025961915597,6.77542799312506,324
1.0334383906262266,6.860529559099507,0.886113097471652,4.1483271737777985,325
1.2814943189345873,7.016379217842657,0.9732279774127288,4.093888593160641,326
0.4707263262271571,32.06782659831481,0.836017635595036,2.893093466440167,327
1.3468873626835132,8.895523038604818,0.7081626535546066,3.003204920311825,328
0.48379894521302946,6.8869906834165,1.060693113879953,4.70603593251665,329
0.7035547583465968,1.9358937765778177,0.8143978683782774,1.8163339595260446,330
0.6421057790622716,11.164097772280854,0.9375953665593729,2.989828728099554,331
1.021784950130672,5.676946688256897,1.0352753659772336,4.58399542093585,332
1.9659276480638626,7.5716783756707695,1.0641195717416505,3.720601043323004,333
1.2214051402895518,6.2031431699753075,1.0546956985582476,3.2740234753538635,334
0.7215248915680926,6.280734100526343,1.209808775424617,4.391575220936971,335
1.551863515727456,8.676739895012956,1.154597446372225,3.373781493675174,336
0.35546548058314015,90.0806539108835,1.1102644719101995,3.4507602778250672,337
1.0800415385927291,5.8615428224048465,1.0969107992572906,3.4010030518195022,338
2.5934513502516023,14.487485764695974,1.202399674432975,4.339521810804995,339
0.6933880077514741,6.193729553339122,1.3380840611442968,3.5057162400615964,340
1.3546823478196306,5.341451742224169,1.0170990514623457,3.1880486865472366,341
1.2207548967434951,3.8634497986350045,1.0274052558978046,1.6318116720245854,342
1.4953415658415952,10.550736305385213,1.0359862983902064,2.7309864925424536,343
0.47510766545063793,33.9397088498413,1.0434940668335635,1.445020110360942,344
1.0021350396014628,7.026209815935207,1.3739478910944134,3.036130917089608,345
1.0321460518737364,8.534573126130597,1.054596735589683,5.143095702282686,346
1.2698089586569028,2.685653551829222,1.4053170921475577,3.0940936304475994,347
1.187835530087532,1.5063313209901794,1.3446921801972072,2.9189962362160022,348
0.9438965600413541,10.729721112086136,1.2664093744344032,2.3573310978418216,349
1.7078096200512225,5.469970133118409,1.2414291611462793,2.6790708855780467,350
1.351523035721416,2.4943122131720945,1.40707354638733,2.7337707028101255,351
1.3888807099696685,3.6851989511325387,1.3611966130599273,3.4564971659710917,352
1.6710771925135866,15.172915350966719,1.2888455624244615,3.0678689121921514,353
1.262906007095368,4.20275973170305,1.4623431309150094,3.6256056564642476,354
1.2931222841448868,2.64298553041407,1.341696666057234,3.049713690741228,355
1.5836639710702332,5.222938881184397,1.42145442892584,3.5700078487630864,356
2.740281309804976,24.024673866213373,1.2672334738651587,2.113001701870138,357
1.2413696756562276,1.8822771296595093,1.3222200191158289,2.6029610978406708,358
1.0943248593703079,5.581461491641151,1.4595999027444833,3.257666529637255,359
1.1893371804981903,1.5254382799392563,1.400264419924539,2.9411568439837907,360
2.5250754163841522,7.548294126694982,1.6138995160941265,3.712762190258722,361
1.1247404126872176,6.938871842966267,1.5192383310763646,3.135418901890698,362
1.721123812298192,13.663273654153324,1.2505142777818667,1.8237637267914224,363
0.0,0.0,1.309803780020305,1.2490999168308052,364
1.5589620832101019,105.88600718515276,1.4856441603338968,3.2865670764554498,365
1.1234329264006575,16.60007901563801,1.4229812950226832,3.0437028453676795,366
0.8148324416179572,37.995336841611426,1.3433577614963277,2.605273080342422,367
2.0711973584699606,12.949531770599952,1.3092467145813709,2.3794610635068842,368
6.360225115948855,151.0785114073797,1.3505399660766935,3.213983497444149,369
0.8257488262074613,84.34758536421803,1.3108896061502184,1.990827600889993,370
1.3995083349536792,2.720109311358769,1.4567995719945552,3.224972890970939,371
0.558122629070866,41.056107258422166,1.3755395141248832,2.662656369130012,372
0.7176528749603364,145.58563261334461,1.0740473535247934,7.29783790319072,373
1.8491080832498985,8.391927610591837,1.310509953954829,2.5703055440699627,374
0.5358521318768323,40.73471373796806,1.4363318873713409,2.531537684816774,375
1.2769987579251085,6.017492701324569,1.4270893375740228,2.42559056952998,376
1.3533652436125103,12.507368566579608,1.4530101928529622,3.0319456260798328,377
1.4379704453453408,3.2118977780420086,1.3552274985556954,2.7936677394480536,378
1.0216916209809552,15.97827373689329,1.450276794029389,3.3697257738691446,379
1.460117429147451,11.18173165447279,1.4851172033875233,3.011136699615997,380
1.3233549367480832,4.356690444878128,1.7047452957627784,3.8060281603126382,381
0.6584559689730097,13.934477555823312,1.3162026792114803,5.26583331665347,382
1.5922108279802174,2.8755076660331955,1.321137482428033,3.824266769461028,383
1.6212469709829251,5.006987905253421,1.5683978107024559,2.8662244851369887,384
1.6986444165723253,56.7056875188861,1.4482171590587207,2.907882854955974,385
1.2997619800899423,24.791447275971677,1.4264321101258044,2.435630082444742,386
2.3945690747777006,6.083996258039659,1.527142638008,2.792051380308349,387
1.0320223309774106,10.345205899534,1.3528282299620678,2.254589808624772,388
1.4682792969724463,2.9555288015015155,1.4740612529446186,2.6332730888412903,389
0.8743561687097615,13.392867185849962,1.4908978569907385,2.8568117455332422,390
0.5611013596367067,16.167754216943717,1.1485106332896562,1.0386317255285127,391
1.0422150571786988,17.00786172970872,1.3001016329160897,2.171642001353322,392
1.460568215761748,4.562016702286132,1.7305563284663785,3.4022535917188677,393
0.8139299448341336,15.32710610491561,1.4552274600391644,2.917866896491308,394
0.8935645050734533,4.406482510969419,1.5502568770776317,3.4262089388396775,395
1.3670478305681153,7.806330881963137,1.6010260699139627,3.213485267180693,396
1.8041410046078974,4.337854035362242,1.5492664124712956,2.9764316196166085,397
1.3004792753809367,1.4922128196070918,1.5921332981341612,3.0786757556518665,398
1.137098247543014,7.97028487414271,1.4939710736390435,2.8487994789591373,399
1.3360352282810395,14.88631137508258,1.6489429004999667,3.1989950071539717,400
1.2881195049899363,1.6685760943185959,1.4969687168300316,2.444995474070852,401
1.172770745514932,5.1314973608969785,1.4493506044704554,2.5876742960647348,402
1.4056180622923227,8.186849477597303,1.3227245581512923,2.330749164617918,403
1.6100398552558763,3.483948094346178,1.5136622708086376,2.8666002486587185,404
1.5194042180150251,3.8269917309021237,1.5408193756629145,2.9549440748414106,405
0.7505723491846336,41.12676948611458,1.7037941157463206,3.492240496551542,406
0.8671061947800104,20.810293085569942,1.4606691408140333,4.1254293694640705,407
1.058794721482367,11.996984153288253,1.2695675216261413,7.48962838325305,408
1.5407289099082189,4.432828115625995,1.42793251909796,2.868693663457229,409
1.425754816549204,2.9559470639476944,1.4097292966955686,2.50250447840108,410
1.3640620464897282,6.137325498169166,1.373984580963067,3.026486445191986,411
1.1603357379606183,1.1440410911593735,1.4247789840270766,2.8407208943880877,412
2.7910840449465244,10.51762783915711,1.5330417503903169,3.001952104950411,413
1.587335653399639,4.117333595072337,1.68869023793708,3.6460001831277045,414
1.2916128036081187,1.850902238702164,1.3946671833829534,2.7843855044657375,415
1.018508866721206,4.670683978991001,1.445160198304026,2.873641132355579,416
1.3844773548928941,2.6758444407342,1.2215251958331605,2.6765057137279116,417
1.0676705116781,1.6246559247664365,1.2369565181152296,2.4817819992787626,418
1.292424170073112,2.4903591105094645,1.175409730703412,2.2465433729809874,419
0.366436302135647,93.17490471471822,1.2548977539218802,2.5957619910343426,420
1.2817261356556247,2.4315583305136945,1.3458083926179207,3.1093178096070706,421
0.7975618294608814,157.59058805601896,1.3908000260269446,3.728100856857031,422
0.37019794817885704,136.76586681550106,1.2799952086960658,2.81692393820938,423
2.3245441486513303,7.48245298777503,0.9504167015966579,4.042150703086561,424
0.30262935030869054,127.47046014685347,1.2966990016692233,3.386656991783768,425
0.6975845692427229,3.0550723909969526,1.1294433145082334,2.2234159430007976,426
0.9825487084046945,153.65381652110398,1.1040687947570378,2.708895330264151,427
0.7982511632245174,1.1498410456732253,1.1742503190376208,3.405231961042566,428
1.0712213018811467,2.4851210591962998,0.9878561366439051,1.6472048380479047,429
0.7603769434799087,1.923522063012623,1.0008077327976863,2.5367896375312995,430
1.030846933044086,3.2286766351313347,0.9558173904622355,2.3067636027838088,431
1.048755493865403,4.034742447764457,0.8606499151789085,1.3667897465994647,432
0.7933694022140835,4.008181520077119,0.9759061413853861,2.8088373979652745,433
0.8553378520284867,2.114408465367629,0.8331829031134735,1.5115939404038348,434
1.0063804706190116,3.860002951015083,0.8073285688615061,1.6950573459526417,435
1.2323839438933888,6.123043655189637,0.9106970375008063,2.8187700525668142,436
1.1022585424088862,6.310061059399591,0.7873511463474117,1.9216005482579674,437
0.8627463776901108,3.4370358995715553,0.8119108891343522,2.6205807728722497,438
1.0711605712604093,7.4485025290540126,0.8228086871429628,2.624892634108529,439
0.9284130583517329,13.36671107691075,0.7324906076867083,3.4008902245110226,440
0.4562048387800382,10.660383058821287,0.7446533816491496,1.4947037026627632,441
0.5939922868690523,30.234625361315555,0.7036830274528897,3.290819288711043,442
0.8539661220838444,6.4256106807473135,0.7536022987335127,3.4003817096702935,443
0.9330299469511975,5.238836698474866,0.692950021265395,2.6558251098979886,444
0.0,0.0,0.6763546393273527,3.442840759969711,445
0.7816668457127872,18.210232657943195,0.6661402753458336,1.8775168538457492,446
0.0,0.0,0.676491387351219,127.6020353383364,447
0.0,0.0,0.5805787676449089,3.184774109964889,448
9.443294790861037,7.600697576635213,0.6621282237400119,2.1509682428915915,449
0.0,0.0,0.8719876680632591,122.08804210650706,450
0.0,0.0,0.7844226709725453,4.061180896849311,451
0.0,0.0,0.8862840799351421,5.003703856767885,452
3.3893087607385577,156.27875998493383,0.68481433191029,3.298501985269332,453
0.7852408191299141,20.258575597794337,0.1942232706492378,145.6571182970411,454
2.739902751373594,133.87377505977173,0.3170934942012826,6.136980252003109,455
0.0,0.0,0.4326161935289427,3.9278544544867073,456
2.5644545441379,128.762408407919,0.6594788820114995,2.9857984805288726,457
3.397901155090232,149.74065800780676,0.455127856331383,3.339411957695381,458
1.5180520744294599,27.810024766405256,0.40293895027185805,4.105389038965341,459
0.16290822683869077,103.25982960922912,0.30967356353070374,7.796845075578444,460
0.15896462524277574,125.89349796592197,0.49692736517365793,4.309561371698495,461
0.6565194935218512,9.182381759304544,0.5104696660607465,4.712601784049729,462
1.1430649733298777,8.415150435468945,0.4474544642163112,4.385315390927699,463
0.6110322722116915,2.445282635078133,0.45829178264463677,3.5096451402492694,464
0.6947686509197495,9.59427760602447,0.5129709903696488,2.353217873446418,465
0.4558639641611931,4.441528151784305,0.5225419876650057,3.634075987479156,466
0.8211942916227727,5.232840427769948,0.5123115847377508,3.2398406726506477,467
0.9557120495443225,5.527975548824014,0.4662889853360059,7.795143476703202,468
0.8035236688432191,4.000696791404139,0.6051345073694945,4.407104983524972,469
0.7651624454744201,3.36894272093774,0.7774210192996105,2.669168448636837,470
0.9630795637995861,6.3099826377183375,0.9067286338349596,3.3150728768279163,471
1.0630746736236727,5.489972115548044,0.6704631773979304,0.702417629585763,472
1.3436153438735288,6.696894588774782,0.9968119831381166,3.3188916662932098,473
0.9951458792404371,4.676527563379531,0.9674004695142666,3.0423413298831057,474
1.1255936423562816,5.9731727297900346,0.985698670332985,3.8229672090132016,475
1.0717397758063114,5.146277923970198,0.878905929740673,2.462967090488865,476
0.8787803394967842,5.3021256271601,1.224834705590728,4.728357647726491,477
1.0671844527984617,4.392549108628663,0.9638967402014722,2.473888986947513,478
0.44348258614086744,20.55255776281049,1.0624915157539359,3.2635485925982164,479
1.0392116019295472,2.860948818025667,0.9551530078913528,2.923546209785923,480
1.1983274384269251,6.989358167105115,0.8622866965256764,5.306558872576043,481
1.1908830702228272,6.631145723452555,1.106064713780133,4.7146552006072975,482
1.5283888752166799,76.62917242562813,0.9877514114397535,2.9358050084621756,483
0.9909039010426979,4.803326438153436,0.9282746832450979,3.4511855230819046,484
1.3093802174845675,7.0935147301497725,1.0520374584391956,2.5600016193743764,485
0.9783270923510067,12.046998565988634,0.6560713934399273,5.519138241315057,486
1.0149182900910598,16.445745767879735,1.1403429740949687,4.380431249871511,487
0.5493390261183516,147.87294472322662,1.2578828557582913,3.731110236213229,488
1.126978567202577,12.712281093626657,0.9096900843602369,4.105129759282867,489
0.5881076565408664,146.90262477734277,1.1748985133902017,3.496864002331366,490
0.9703765937762373,1.5050056056711987,1.2187881495280684,3.903443008120951,491
1.0023160725392368,1.4319632671216103,1.0921225199896916,2.4188144528570406,492
1.1452683348536439,3.1636773319155025,0.8099844105618158,4.65664552112957,493
1.1862440821753155,2.8501354476441714,1.2366105491780748,3.3332184554718687,494
0.40218002711710843,35.77724565771339,1.3295905270435793,3.480273241962701,495
0.6199469141781875,23.135331481691253,1.1242865710205745,3.0950573590045134,496
0.6471254393404446,6.12584923376553,1.0035336521499667,3.034011791791191,497
1.1243227852114108,7.8075340484572315,0.8542012031628599,2.594887400769123,498
2.5003048587851544,8.028321659007302,1.109413572160942,2.211272992426518,499
1.4278784687632342,3.557124331241318,1.0592931462188433,0.04349267682999205,500
1.6160309851420835,7.298058589179687,0.9790626278206419,3.538446664235336,501
1.5358561394205317,5.218798104644486,1.4023469717811108,3.7368871788179923,502
1.1591145683569153,5.1029811460792915,1.1453668857634016,1.4341460761427802,503
0.9905880630406997,4.78755219723853,1.6773317757187483,5.044061740098873,504
0.4492725368972624,34.00779296999203,1.402501919530324,3.173867473334331,505
0.9134970171150818,78.68230256272099,1.7367230772939697,3.9778827685397657,506
0.5433474855426736,30.131071569186343,1.4800610476332123,3.518647275232069,507
1.317341088884662,15.453503398857647,1.4455679772558592,10.009991426562893,508
1.2252491818281275,18.3224635467277,1.4646943811040989,2.936420813690376,509
0.7175741095961412,59.10719768453313,1.8695618304612427,5.430492093338123,510
1.3806787505604718,130.11920047170082,1.5267505718115995,3.1578570336063763,511
0.9957839782997658,23.51193664759199,1.6172830508950855,3.1303545278944065,512
1.2003993089144815,8.21214030519126,1.5563354977619104,2.976589490019027,513
1.067145411772996,5.104099882961968,1.3946755565354627,3.356718422603906,514
1.185349288107214,3.3707072927436275,1.5551220293845216,3.7209347572812264,515
1.340685549773108,6.386611042953128,1.2244672078026462,6.642784722199752,516
1.4398870751103154,2.9580593072281425,1.6485824102391737,2.634138596970145,517
0.7462185624241187,13.762579982544974,1.6715386385515092,3.486117971738907,518
1.3175583255007808,2.7404098799422645,1.3114176186550273,2.6884913252080898,519
0.7886432420094062,9.208527279385509,1.4284276969537952,3.045166361193929,520
1.074288461438682,8.208836843034534,1.6821286329984324,4.270302449560317,521
1.5766848369077806,7.370509343482591,1.5594337444988615,4.534568460445865,522
1.4313603087935125,2.2647538611658486,1.3511740375378802,1.8850809583748667,523
1.2314828792972379,22.473746877027043,1.1665710027426333,2.7726577287382477,524
1.117204961158273,20.19636218677748,1.5472313796665884,3.0559579679459845,525
1.8478294001603417,6.37389630167767,1.5412556580633077,3.334749852674731,526
0.8370165309929983,27.238249476097433,1.199445715851835,10.137041504547687,527
1.865671023213469,8.47346895466869,1.2686319193032682,2.1743305084860087,528
1.8174321339154307,5.033318118885991,1.5748816382220268,2.9793236796780227,529
1.6112279018331255,3.585598442707981,1.428855212329385,2.3138099521516384,530
1.4485823013524286,2.6172094214807986,1.431236528986527,3.403655333873568,531
1.2909984758329007,2.345360941571477,1.4112358233081663,2.5297925218619155,532
1.4220524958659035,4.132870659495892,1.3777206520100023,2.174412165382307,533
1.6396907760066861,3.9106067878298143,1.4687212946661325,2.875513514439881,534
1.3700196902403832,4.034249481687933,1.4894589347682774,2.5863103431999446,535
0.9486074195311084,9.642670901745797,1.3360507364344976,2.1973165024683827,536
1.5925117933237667,3.7539366182590705,1.4714364187934752,3.0156034702732653,537
0.486499518072154,30.689601888772604,1.4382409752797713,2.548150383728564,538
1.6447660181633958,4.303167203213431,1.3925784483995094,2.506306522522424,539
2.2198782291832724,14.471529611047663,1.4368376172052235,2.590716887744004,540
0.5757286706303496,98.9019423990455,1.5438303967142566,3.5900825386496247,541
1.5633174628205209,3.061632753868945,1.4668522831427466,2.491909556891682,542
0.38957814189585055,41.42504384601778,1.4052250562835384,2.655698490518409,543
0.8041890965495025,58.95860441376843,1.3564429060670193,5.9367786901925035,544
4.326519045186664,127.73281020536143,1.5888323513495024,2.988384929491273,545
0.8835508475114534,26.49830128000933,1.2280730635522719,1.8004714753334174,546
0.992416886341313,6.117472572375856,1.4340426612375456,2.7407419465736833,547
1.6998274731953622,6.429769723779259,1.032305115301456,0.8942088700706045,548
1.3419002540668976,3.9109639629857447,1.4308126157304186,3.3652354977029675,549
1.8994472565171872,4.636519376125085,1.3782812755009537,1.9272657792955572,550
0.6631144407703466,33.88730690312641,1.3609984372389836,2.288508764939753,551
1.5019688174980406,9.077155061752107,1.381770260248844,2.338335196417528,552
0.7008341343864435,14.00621104939458,1.457727453173422,4.2104320513304865,553
0.5973344792434007,73.27255404675712,1.3992692035540928,3.1624461006430624,554
1.1076545148167352,11.48431514061181,1.2586708140157308,2.6166773186567758,555
0.9907524140846558,59.50827565920682,1.2256551689719593,1.7521330366453123,556
2.479072640890627,8.259457616050115,1.2381992801504615,2.1232608986871617,557
1.9194621246215717,12.226047917808458,1.2118365718207895,2.0999835957347877,558
1.5132692727206654,21.975437765029692,1.2828229228339652,3.319251206884103,559
0.9000363764385604,22.385537143279844,1.4469816428219864,2.4663356282213726,560
10.375501421100578,8.457379412556836,1.254667652753964,2.8737368215999948,561
1.0321229922863122,40.976153581219066,1.3100432777799471,2.7157511383608686,562
0.804014944085933,58.633945748774025,1.3572526041801471,3.266225924416753,563
2.0175895523089764,162.66061550757448,1.4234570608280528,2.001491502051984,564
4.573763464866661,164.05416595717605,1.4082994835503595,3.4241855635381273,565
1.003572480018307,3.7572889793184694,1.2980458298901862,2.3254928946150644,566
1.0110043775903967,7.418887693595384,1.2641399498138657,2.137181536221069,567
1.3967209798821132,4.924483004110904,1.4182032985852813,2.9059820262318503,568
1.4819077000737293,6.406768265967082,1.2515559743780895,2.4894724748355372,569
1.3763705105213995,3.352151778985589,1.495859242589228,3.5227729391514617,570
0.7504231824044731,7.760880160746304,1.3072999012156625,2.7214029970642852,571
1.6027258603984549,4.9924573374935,1.5424714576344354,3.8083164722820744,572
1.2808292961931798,5.833850407702057,1.3527671824203795,2.641068118143761,573
1.4842284559451397,11.398159511993363,1.4314902368797777,3.4098087194285926,574
0.978708352177256,43.472042035977765,1.4662289288166452,2.7783202845454027,575
1.3322075099454795,14.560840415477081,1.2886514630386416,2.3260456569934442,576
0.2771999812580313,88.92419052246123,1.7551780763915332,4.161743778686926,577
0.8821651760227399,12.393046563921741,1.3769604905428514,2.1154376622480897,578
1.6774120572882465,4.590277415273796,1.4489925242864883,2.9260146697194562,579
1.3176393603741292,7.831581599747159,1.8222714737194743,4.4001978588565045,580
1.7762480638464537,5.413233822509344,1.334333396005188,2.5314014182797613,581
1.3484140566184368,6.53943325709321,1.3647477100000938,2.453480429031499,582
1.3739274714209835,4.12308789846529,1.5192745427453573,4.601998172726722,583
1.3144392998363794,2.4098108269399976,1.395625877847842,2.007865661067052,584
1.6190836324931768,4.30677221434593,1.4613107506563559,3.0603620385156307,585
2.594990554816565,15.640405350501778,1.3758743520161951,3.112041254211046,586
1.5855815103138209,4.312217269446937,1.4590166468025647,4.274506165695358,587
1.467690321146077,5.339631982178775,1.4891616555008187,3.45630078490098,588
1.407699394799059,3.2526210254872727,1.4566913547317157,2.765125952506523,589
1.3885500433335274,3.325826383407923,1.518208983653183,2.970704951663784,590
1.354769608268978,10.362346823184055,1.3432143977216533,2.2134985937796174,591
1.03862111756427,9.097077288715703,1.476842131120384,2.8978441415508374,592
1.491121079115336,4.3088303137302,1.6882100402159792,3.877858743488771,593
1.1894978991712801,17.66116056679299,1.339015898776139,2.2398049321621056,594
5.17409166999487,145.1513866711143,1.7653573202030837,3.2042288794032325,595
2.707333695584885,8.236982580557264,1.1553931948774365,2.1683682960552497,596
1.4589174424852445,13.744333757672898,1.6506124167623137,4.994316805858352,597
1.45670470548119,4.558737057424763,1.3999694885053473,4.079248395112379,598
1.4445683075980253,3.958740587102569,1.3296647276485254,2.0952457778309213,599
1.3966234238507036,5.745138734823728,1.4307388672352392,2.5577928668009156,600
1.4633385305903306,9.999123240307652,1.367658321715187,1.8949433825282704,601
0.5720023525735652,35.63784336961602,1.5912981979530447,3.6661441720565473,602
1.7017143430142043,5.862573322165657,1.2986134745785678,2.272186136508585,603
0.9067695247144943,10.546164921830178,1.334001229425317,3.922342792733261,604
0.8089879275145876,99.99787801870679,1.3146912887847042,2.4874684951493236,605
0.9746108658614361,26.090472097775773,1.6605386161509073,3.440350868677819,606
0.6100240968634756,16.464972524343654,1.8980928213056791,5.1409784377938035,607
1.3383959653090047,13.07720820113879,1.3663358561135082,2.7504263624748027,608
1.0190014310401947,8.4442788144938,1.2758897416535022,1.6186098839040222,609
1.741727907659062,5.104688853361494,1.4771510317490257,3.3900409501397406,610
1.4703254823965841,4.172118971822871,1.413987030734325,2.568926278978423,611
0.6361433377907411,29.427585909822774,1.6000524120973065,3.6429155988548083,612
1.1682221534278,8.357662283867922,1.2174857601236666,2.235313069154307,613
0.9860362593510047,131.380336862332,1.2476248411383142,3.2052305766261657,614
1.4183664942091412,4.512882261051012,1.2973100492853789,3.258356131269484,615
2.197851768267489,7.3483623988126485,1.5151416857080635,3.4020040201190724,616
1.3230909754955809,3.6414885277162927,1.4007852760846904,2.688944845842608,617
0.6312139435998038,33.107783779015186,1.385299293944044,2.7778537280065168,618
2.0100653015278778,15.130159195281147,1.6157789648862704,3.4976899055243686,619
1.4126046275822393,21.839987134360904,1.2598107216299612,2.453503414246455,620
0.7477128228474939,17.597377857978305,1.462661337960568,3.100371837011798,621
3.9372619526394934,15.72703299820048,1.2547506801272492,2.949851814420394,622
1.0123898182118347,24.406172510100443,1.2846541260892612,3.047896482362731,623
0.5616373896551325,72.57812859714008,1.3419641479436077,2.670248268659266,624
1.937081029756031,6.200064126728555,1.4510202207547134,2.967813247112264,625
1.8825385962647567,6.489999639602507,1.2919678828603636,2.077182289958494,626
1.0894962462110223,18.285739686880664,1.3867533523075368,2.0552770549397876,627
1.148700109412953,7.841901757260295,1.3077462482080355,2.351373822470717,628
1.1261497934837759,6.238396307523709,1.2609492956689012,3.3474467955045806,629
1.3938804850272468,3.357425327032295,1.2788587786572299,2.257809872211154,630
0.9812122316520818,78.03392692089572,1.3759772149193743,3.2214100136396535,631
1.4376152643191062,75.52184270083923,1.3143468741988686,2.973751324159125,632
0.0,0.0,0.22794460985311385,22.460790793240506,633
0.0,0.0,0.9709908013826373,0.48764083471906655,634
2.504706581581706,10.016474415391825,1.639702248770829,2.9288427508231214,635
0.8944363428827172,75.6011372955883,1.3052106226681817,2.442431861502316,636
0.7153231649758935,38.34550286196983,1.171005815139462,2.606210679747974,637
1.942931799507258,96.77307469431543,1.2059605260108224,2.1496911042926237,638
0.8183295228852134,58.5112039492023,1.1549003815348384,2.259215807399136,639
1.9574186980245274,5.869349882258299,1.4197066270105612,2.722268670500376,640
0.7499350346779192,47.72130293581995,1.1407302990158326,2.4508484934968986,641
0.694722233027748,38.01631096924672,1.0872805274286776,4.204073094759638,642
1.0535293499348268,11.844235940662895,1.481138587690006,3.5943929861844826,643
1.3169215892131128,5.226190761125748,1.1623781303640337,2.435037254683557,644
1.2341511702084011,5.407427700794066,1.4477943626418535,3.789774625247064,645
0.8515872054091937,3.5697658621129493,1.3880527060789072,2.346834602681696,646
1.4068290615319095,5.456144035092907,1.070247172152911,3.6296747417138246,647
1.2758755415712244,3.069293662722287,1.2181143041247164,2.5775668026764547,648
1.1786285381731336,1.5485650900245154,1.206397127352254,3.161889681621738,649
1.2166126934510557,1.932401465360172,1.5460108700652149,4.0293284333903046,650
0.8400262240112635,12.061068455341129,1.241067176033345,2.5460691558546573,651
1.1622434710344944,4.945340844112394,1.3015037430981784,3.658252350873307,652
1.325503878598508,5.380001510699727,1.340304576024493,3.683385622730979,653
0.23519785268787274,96.16507801411663,1.2094914717049456,2.0213891375305573,654
1.5909205469307803,6.237701879331423,1.2633341055516094,2.5418298850165733,655
1.685932205925081,4.7249610337930905,1.2293042949175295,2.168155338862764,656
1.1294175090155507,2.4255568620668213,1.1861138997173704,1.6833452945605252,657
1.4454837623948644,5.9643496467080634,1.2071281760992985,3.5154203023926835,658
1.0946388338594295,2.7017244715504884,1.222083000614058,3.2196588551823186,659
1.1782113126728513,2.4520988097316034,0.8434683578644695,2.994243332868991,660
0.8980011666014576,3.997692852310602,1.1768620452763146,3.026416364759579,661
1.0233485366653265,3.8211822608654753,1.0895632078472524,3.0548646210506605,662
1.2121955991718925,3.3114751406784793,1.0973466394474034,2.425803562183846,663
1.333684062734527,14.988607605796592,0.9546113499033746,2.5019593073329047,664
1.0825568326862531,4.08153779540745,1.0508680969920485,2.7725793877244826,665
1.3598002489160226,13.934540045055511,0.9599859182266953,2.4863837385133745,666
0.8311372858349845,22.72082936205451,0.6279930612896348,2.7608580527470497,667
1.0974275977480052,8.336981821372422,0.9334707477648313,2.5288030991157795,668
0.9468661557160212,7.964636898007323,0.9568806240321187,2.9772969331730543,669
1.4153389545749877,18.81199205708108,0.8546402999614354,2.3608079980363934,670
0.9410923203002106,12.879485687576937,0.9257619546496122,2.3160830010295737,671
3.588622004289958,161.6127694351688,0.7972115740235179,2.370414538459597,672
1.014258561557388,5.588766903412185,0.7787284304969206,3.1064482867694885,673
1.7718015120684076,11.239882943794289,0.729692453173791,3.4872200276809533,674
0.0,0.0,0.4474169118423602,5.8584928634340985,675
0.34766355900723084,15.159967705210255,0.733309204470165,3.337148384198621,676
0.3934840231638741,10.008039078846592,0.6620499300683114,3.2728132620970856,677
0.384793368674607,10.6187205174887,0.5890296528807389,3.2775729730051886,678
0.0,0.0,0.688634716593597,2.6874080152393836,679
1.0430260210642197,152.5973005743293,0.6243662438966074,3.129287364094636,680
0.6803134397948403,4.559679115171366,0.6610564741414621,3.464923393733658,681
0.5694112888306632,3.5638654882799727,0.5872908725603754,3.51015457812237,682
2.8568015301757743,43.277077395271526,0.5067425676652537,2.6996194582266106,683
0.0,0.0,0.7942360881402941,7.291771032321389,684
0.6594361190113524,14.959083615750119,0.5937003272135307,4.835626461135305,685
0.0,0.0,0.5724127726174963,3.576181479433612,686
0.0,0.0,0.5277884452086361,3.922083155262677,687
0.5202926816265178,5.151927704967772,0.45886507208401295,0.7740352195127098,688
0.6119607565188545,4.667788854409129,0.4566528056732976,4.547224722633132,689
1.6374412934439713,165.5897245184749,0.3337919905631146,5.089091955629294,690
3.166939379141057,163.2372497497442,0.45635710307468685,8.295282150757696,691
0.19980153757751026,7.967695727954852,0.2790202841953069,4.163385981162268,692
0.7143641380636852,6.713810987082663,0.32209039294605574,2.773148787799452,693
0.20479047023362223,157.42289660245447,0.20340271602984442,3.6065928125789974,694
0.0,0.0,0.24348789892555434,1.2722574057830252,695
0.8190909880804443,11.096025977024436,0.36273885830874253,3.4060025443045263,696
0.7911547489447049,10.26083514475576,0.33021224685403994,3.0229107487068574,697
1.4834083988864728,148.34748298428852,0.3159947390630356,6.486415455655195,698
0.32446393925313494,25.533451872927508,0.34510025621396356,2.601103358412247,699
0.36961121319717016,3.7733941959155524,0.25687655455989894,4.7230663004409,700
0.3339202668265578,4.297532271621006,0.22695543107152547,4.070484013336219,701
0.3317969585188003,2.141292461419729,0.2526703445173333,4.5951216218259505,702
0.22408164324168384,8.898570411797918,0.33537279508054985,2.551668563096284,703
0.3257159227760306,0.8070820613805582,0.35907814311964675,3.209938390462448,704
0.406096611402155,1.710382978337297,0.38510179523620425,2.979826972143648,705
0.40177491407131394,1.4863786132013097,0.3803241745907667,3.399814319133588,706
0.4689515433968012,0.5801475047983304,0.3485522753914585,5.396403896673128,707
0.4341248265289495,3.4565615641534007,0.4104101135202919,3.2217678819486286,708
0.32431834484435096,11.787305219166656,0.42572555935794265,3.966975993887747,709
0.4570110167683446,3.661812614309992,0.4323130000864807,6.216344122951869,710
0.22351841606261372,21.69367024625912,0.4584866520959254,5.40668962813096,711
0.2647582084734934,115.88163620361385,0.5041250327610849,5.905448289688999,712
0.30065158458186997,12.553527658512037,0.4801352269137994,4.346529205071409,713
0.5137394190186529,6.173004467704654,0.5656340954344444,5.658281397035034,714
0.5609171071212619,6.770263677632016,0.3198236262438721,11.002871677682233,715
0.7777386868194541,12.041130296831435,0.5739665873584556,4.38920616423738,716
0.3887748858790939,8.259045681759117,0.648855749126012,5.443965047168976,717
0.5460935161652951,10.30567580164773,0.5366603214602149,5.877619928399047,718
0.46894727140154424,15.896755985295755,0.718723527225569,5.727006295446935,719
0.7363681717654795,7.27448364700055,0.6132691556843102,6.950447002124598,720
0.7247645719854952,8.099160158448438,0.5813605181467462,5.75708886480457,721
0.599038001329486,20.07895939823702,0.727714043819694,6.3728000712456065,722
0.6575934976871063,7.913605068611968,0.7709159154349778,5.248992455833245,723
0.9503650455682096,9.330895328597746,0.7123144837616101,6.430964401334644,724
0.8479689089963952,6.2600839626110725,0.6953856619242876,4.695733675283432,725
0.71220637546923,18.757453084595873,0.8835979653575702,4.984438386269363,726
1.1888719300241746,9.170120688590158,0.9070500120567061,4.70722421535319,727
0.6025783141563763,8.299268491509638,1.1849419522681575,5.227168432845116,728
1.9812488559581032,8.069890548749436,0.6339133691888177,6.497101160338131,729
1.0087532111744688,4.671904859690478,0.9208452415288702,3.9869727519336133,730
1.0804725828802746,5.182779799162902,0.9486384267209896,3.5299981407754917,731
0.5679065278871885,8.631148436716893,0.8734947343923933,2.3849343097076043,732
0.6724551405120156,8.906472619603024,0.7969481612199516,3.3046054129890567,733
0.5022205741773913,10.481063390554542,0.8743690129758275,2.6313229844255046,734
0.4734898585189548,6.188984458929484,0.9520378129907376,4.337088901184019,735
0.8657197820006254,1.7568374396746447,0.803829804409498,2.055843615501842,736
0.7986308112096132,3.611681407064452,0.8486324461698003,4.132488434275037,737
1.035257531423666,2.570995069763354,0.9607475545603702,2.8154917965938524,738
1.119970800275335,3.028718088430604,0.9979475164856445,3.304150743073242,739
1.0440632077028158,3.1033879540088036,1.0795185188318042,3.7097546136509316,740
0.9827556547926627,3.985452190048838,1.0755229751952742,3.132138143475289,741
1.2104015402728625,3.92927263951392,1.1675620735952,4.661894884769673,742
0.8503767382001177,8.934944995527742,1.1676968023289558,3.563203154729554,743
0.9486803507491348,4.7910153272082505,1.2601501903016878,3.52339172438835,744
0.21551624804779593,97.94578634758797,1.2767939775349761,3.296776076610988,745
0.7247544106271339,149.46448370948582,1.195019917276882,3.4078296806706456,746
0.49786130709345,10.930700285043276,1.2237166709084655,4.267383587332759,747
1.109848354700241,3.31347124179775,1.1726534373144109,3.9436468796067214,748
1.1091144471036358,1.8493455841918818,1.2171794354626455,4.062033494621738,749
1.2527307487999948,2.9482888947847212,0.9852839400302099,2.681507442389,750
1.2487181696081682,2.8048790186046726,1.199661254430974,3.8884629812713096,751
1.5585323926965824,7.056476936033786,1.2899005026688508,5.391440143193671,752
1.1523479391738571,2.3735750005700127,1.3950956496216302,4.171436242884988,753
0.718130371178346,142.32657131221706,1.3624551180618356,4.52425034524249,754
1.5327548101712998,4.592345896192407,1.2848163212794874,4.918935775242154,755
1.4509214681749087,3.780672371264236,1.3290582755470557,4.151909490263683,756
1.7673690083847995,5.70539793097072,1.3764568711747445,4.759675997322289,757
1.0308198776298236,3.5342490752515516,1.0269676243724015,3.211201229170623,758
1.3309248565277516,2.4173318165200084,1.3687479941745992,3.3968729098807184,759
1.4622876051331053,5.610713416501276,1.385265311149204,3.0095354408579014,760
1.5763846189400545,4.607523513110747,1.4691445417697637,4.512521839445464,761
1.4796479682780939,4.172223216216693,1.3932553148909586,4.230629581360258,762
1.1698411814391427,3.3668563922749097,1.793434246844213,5.151934597636345,763
1.28360584692519,3.3451693792155495,1.1253592464888758,2.844925684583144,764
1.331355343872911,4.818218694763723,1.5299318388571796,3.5583745185270517,765
1.8629926708450166,5.366760325394304,1.730498199046453,4.764870201578169,766
1.17492739993314,5.308294236837519,1.442569448319411,3.010771839632308,767
1.3506133637856415,2.0951325620419543,1.5457104613543469,3.5977162165463348,768
1.3328253986291339,2.479829512984305,1.5951631828146893,3.4497305224576977,769
1.3292361650035494,2.7718683448585106,1.4270924366262658,2.2715082066065446,770
1.3439029076288342,8.301578603662511,1.4878199873840678,3.5224763878929863,771
1.7508660583113396,7.250764590037119,1.3139709350190794,2.6099813690107667,772
2.3835774723044105,5.474776954459676,1.386599240910372,2.293768509711362,773
1.651239353911983,3.7952819540219855,1.3994313566660697,3.1819306801285157,774
1.6144707431034537,3.8904237945614364,1.6227663148511642,3.58437651747451,775
1.0459298184889911,6.649667205213488,1.7059996241923816,3.9313591634941343,776
1.8265360316969157,5.6419408362875725,1.510107466142918,2.8817943283611758,777
1.90688456290817,6.28268455130997,1.3553255452095119,3.0575346996010646,778
1.4531744030511584,2.8335546581367757,1.4210242152100823,2.551631287902224,779
1.6764468793987395,4.249486345628405,1.401135026823875,3.9868160192304907,780
0.2718586905745189,63.39015008578954,1.5272865406289502,3.0036957320509092,781
1.0729474543772326,6.43034641527151,1.4327100770449397,2.582517264670733,782
1.5042926612824339,2.3293284323303896,1.4072055347435153,3.788478243062705,783
1.9418971304354002,5.718748054923815,1.4534777108824446,3.8011974732082874,784
1.5204551263759014,2.6748033645063747,1.253454971037928,3.0409261892803,785
1.6159388251992368,4.70590127262415,1.4356882739538035,2.3051858175714415,786
1.3556656374479765,2.3921977137564414,1.3276285131080827,2.067378873052354,787
1.4189909383981918,2.499449655993317,1.3648111775240332,2.529908439382608,788
1.5613355987532125,3.289426642257504,1.306122885646892,3.086046208398118,789
1.318277448922892,6.694380854843775,1.6563437995708652,3.664183508649107,790
1.5635011579867302,10.23017010335747,1.3383940210275551,1.6705501190529655,791
1.5200239116535064,2.820942424801087,1.4200769855770556,4.365334525193741,792
0.7136294134387982,26.02724431449815,1.4306650379056962,3.401537824950362,793
2.165690776839217,6.441772958689496,1.4184522562291493,4.930167294847927,794
0.8459327120263087,150.04492950139948,1.3097037926714317,3.8199140032562164,795
0.4780033656741151,23.16255147236669,1.4189519543934672,3.5328171577504413,796
1.3494284709543898,2.8488076722810516,1.4972009936256687,3.2512959955236935,797
1.5359512924253218,3.8106786107666437,1.5083166248327489,2.8722857221982996,798
1.8343346186832206,8.838781695510407,1.8698562248404378,5.491088867360827,799
1.4600327675754226,2.245230063959598,1.792145765977407,3.2491002011104904,800
3.6686483145285966,7.350527319448488,1.5713367449103082,3.3344958094956674,801
1.1710253528622097,4.459017805372244,1.4648220385539472,3.394423320208666,802
1.310947097060772,4.843045595369774,1.2997751022212425,1.778390428600285,803
1.618207034074076,4.034545476871085,1.2949810527288588,3.224838446910737,804
0.3493863668892259,66.63544181559217,1.2011119233326477,3.717806159946713,805
1.7888628131181081,4.683123290808473,1.2198855843704939,1.889754381216784,806
1.3583960902446295,3.1035428522372657,1.5375235742008726,4.14008371437694,807
1.3663821007579469,2.50497523275827,1.3251519054531917,2.28984676336997,808
0.7289497438697078,21.77205606688318,1.2666758927020578,3.8036187373206176,809
1.3245181550407028,6.077468837095491,1.3012397567691594,2.548889537287561,810
2.0020307312716894,167.1723709944148,1.2074888954060226,3.86807571294597,811
1.2378656595236013,10.297397038925766,1.3838447056294252,2.8232637030028718,812
0.31062536972265425,79.90194475826944,1.2988552511836347,4.113393620658274,813
0.47369375052463947,119.4789972725,1.3400113830615321,3.349299364120535,814
1.5694125283663538,4.436966800081098,1.477531390723292,2.648313798101954,815
1.1093720917514518,15.77069417562814,1.511785589212376,2.7801499106926535,816
1.5255432999610081,3.92937113150711,1.3902215715893742,4.662467041355053,817
1.5767928498219177,6.329568877571323,1.7009505895333619,3.7189138782754028,818
1.6475675674927237,7.1986950956854665,1.338635342861002,3.7291524369398767,819
1.3793431019696936,4.01402202396068,1.3814115419853463,3.7732845657979337,820
1.6366207679287013,4.212869258500558,1.4466659467340766,3.014730894346795,821
2.383490211189654,7.092815109731412,1.378756447585296,4.322595486122129,822
1.3428861452564242,2.986705250619358,0.947021067319565,3.3338362718368595,823
0.9259008272003378,8.516055953267168,1.5407142759092676,4.039784929446367,824
0.6767811652364546,8.791072317123628,1.149775416017691,1.6055477737708024,825
1.2847019374741548,2.734384314610797,1.2917333601757417,3.29569970574532,826
1.1282657973872618,4.880635430992545,1.2326074771592395,3.6503617766564127,827
1.8753663008579662,5.67586358004141,1.30827959765407,3.365267455995703,828
1.1647648537166189,2.7095841812810506,1.1980945460872254,2.0159230363728056,829
1.19719771693808,5.277563841935062,1.2538236267196314,3.266793412460631,830
1.3084235647007156,2.902818276486975,1.4277430888532667,3.8203507002448323,831
0.8706538181645486,11.362101470302552,1.395682048070426,2.8510334701618882,832
0.22802745523883117,30.92333485192994,1.4436245987471208,4.080087356118013,833
0.7237870373860426,12.716005910348395,1.3130060043250793,4.059595917025674,834
1.1035869282067117,8.170518562354783,1.4045265825072226,3.231378514465194,835
0.8459824750661398,13.9396143620646,1.2517367026639852,3.8177691447377065,836
1.3332738223289418,3.666468078089093,1.2741800209769774,4.580910679185771,837
1.2259571420970492,1.548540369415728,1.295771539812577,1.9368254898315382,838
1.418122683337958,5.62446152726342,1.4376904438931082,2.9802366329178955,839
1.0437586111672796,19.330471344930196,1.1572610954957805,1.3677974914906097,840
2.5813830578438126,6.868285850797928,1.2789606945881968,3.8533588207332543,841
1.4417375636455412,2.9293776174616295,1.3206042299332201,2.3574836537589827,842
1.3823818666291818,3.2645682154328557,1.4473644805197126,3.8968424198100875,843
0.2808310416253159,110.54620247560968,0.8838555616770283,4.7518419419561555,844
0.5164794996938424,30.84836191811746,1.2026942899518425,1.733055006342625,845
0.8755233985206616,9.684432128006328,1.0378104217925639,3.9920407277413488,846
1.3379284805303608,2.5119417637257673,1.1693733910852513,1.9238787638561392,847
1.2040353803076924,1.4043236301346855,1.165248141465161,4.998568670124487,848
1.2472111573540463,1.6440611905518367,1.2755638112618932,2.999377555298524,849
1.5319091000197216,12.492591639115034,1.0863433684600778,4.218709753373026,850
2.6065803002585675,7.355941312802278,1.0174281561918428,3.0025750701161145,851
1.1054979752933682,1.1120863671084609,1.505719159550224,3.5708026430809454,852
2.407452886219461,6.607496194800515,1.5854920299631396,3.4639107120406214,853
0.4232908215754308,98.44725785838138,1.2431992977858213,4.229049181702586,854
0.48376153801109006,140.9975721252632,1.3885759942715847,3.3654549524914583,855
0.2733624509047887,44.174885067477966,1.0786785756189081,2.7302966265237987,856
1.0569811925411956,4.6692091179031,1.2739421183690607,2.9056197845028398,857
0.45694936800817715,23.237483272497162,1.3968124388065242,3.184238243005009,858
1.3440865943948965,2.453209053068729,1.490432818951954,3.6639193423610354,859
0.8217178296270075,134.89703792122148,1.1370254520500966,2.8118948826876857,860
0.7197889269202774,11.320790087195366,0.9775771679518914,1.783372909357331,861
0.4203563600038323,40.02875156101862,0.9126089666949078,1.808498804617623,862
1.5134135279107188,4.469820476877218,1.3322029923004977,2.8029863976862885,863
3.0025876290913347,152.61335029917305,0.6956445933833558,5.140978779357596,864
4.306783995719769,10.698608157474686,1.193859595895366,2.961995426209236,865
1.1157902712210002,3.3372728551899944,1.1124565233897437,2.565193384361581,866
0.7588918504899631,10.431226815590376,1.3145559834864038,3.4666780842887084,867
0.9365060370987573,2.037442033106313,1.0745613897839237,0.729124171031027,868
0.8577264706649703,5.467690833257216,1.1976054642778369,2.726351787054815,869
0.44590101115643227,31.95233038166869,1.4411704004296404,3.1792639739562825,870
0.5024580429071981,55.888223440358985,1.2175496144253173,2.442464373927685,871
3.404801329791926,7.718136911019498,1.2295590204311775,2.6224338202310813,872
0.9700976034308544,16.16301393270861,1.384559242822373,2.4136973985001693,873
1.5224008138684337,7.121138090736937,1.2898741353729835,2.632391905647722,874
1.3145004977453427,3.9489120727246214,1.2320874501174541,2.6598920813145632,875
1.6164725756336162,5.6950899667163135,1.5471775317852954,4.251722252824111,876
0.6607619912498284,9.425761847157728,1.0433998651602494,4.006932866223857,877
1.0003460178254928,1.5748824548693305,1.14888130889719,1.7399566364265546,878
0.9773583043531897,5.959862568194585,1.2603879816840466,2.4744755760039325,879
1.336371675688194,3.6887984355849652,1.1621818282636516,2.8691512086087823,880
1.3049758911398164,2.1667807571572206,1.1499762514363696,1.6514959703949623,881
1.4848201595202595,18.729152537762005,1.4979892752811448,3.334707046283013,882
0.7027843113509007,41.35165323342181,1.6364011272879733,4.3369610189182355,883
1.106502145138756,2.5316783997655232,1.09522430890844,1.7131583872756133,884
2.9600611810849085,7.896853171540566,1.2552628712579552,2.6536745150758785,885
1.2822315412404766,3.4378424845757727,1.320982778430285,3.341766864908645,886
0.3708955727943281,33.90979978594452,1.4802597255305892,3.611694890307285,887
0.2543150789112565,61.61425906034171,0.930713698308504,0.21409375433658148,888
0.6020682274087777,142.7513821805694,1.2586833476403487,2.905882815773577,889
0.8385927157772884,145.95162289448749,0.9751127094713106,1.8316920837006827,890
0.922318226862031,1.4531394496764034,1.2014222112192166,2.484127201832126,891
2.3819788438464538,7.643905653322534,1.4025633023458066,3.1597589520418503,892
0.9335069384467395,46.216195736772136,1.640984675940008,4.6978422451057025,893
0.9489848559774586,71.52166311230759,1.0254511011181926,3.1320688694490753,894
1.7909272449705889,99.3697231537221,1.1399676263998617,2.341175867888672,895
1.1400858433738768,44.51571959331245,1.078861283543195,1.384777989125506,896
0.49440394301391083,23.261718864946875,1.150862494315141,2.664943569876696,897
0.4777086081863082,16.07349626599478,1.1329186755035148,2.2073171882932083,898
1.119049625970655,4.040726805691524,1.470610132069628,4.983406047636047,899
0.7117902567887379,4.578077438514149,1.056569795208683,2.5192482678237664,900
0.22545172537577635,104.26789371597536,0.9345582621244405,1.098270464180603,901
0.9755996061890282,3.7784027701133254,1.1036236348826862,2.760831959133796,902
0.7671266101134577,9.393205724300019,1.0623964182866412,2.150590270974929,903
0.7908380771106733,4.2675259248009665,0.9891595104326747,1.8467277837755243,904
1.2993033675283037,4.783179077532695,1.0516911705489964,2.1224580315979247,905
1.9164711815214164,97.61714947973482,1.2218066858525796,2.898879551745691,906
0.967198332820745,16.001315206247114,1.2210465411185059,3.1968884556498853,907
0.48687938987624935,33.051076033579484,1.0226514882359523,2.2696805279598626,908
1.0621412281244216,2.234547961103005,1.0681192514427424,2.5566041445355747,909
0.0,0.0,1.2907304810954094,3.784641448462474,910
0.6150621958510274,65.07110419956804,1.1668553014627607,3.8851127258982143,911
0.0,0.0,1.0484490453030957,4.079122889711935,912
0.7167893364934309,4.16222499194249,1.0528830245504446,3.1427516395486315,913
0.0,0.0,1.2028959056771584,4.6789143566352225,914
2.8398522419484338,11.708271817814227,0.8629859038814447,4.2656942264490345,915
0.0,0.0,1.0899973206892681,4.208998222280297,916
0.2647028908203262,91.17992627264755,0.85292911874559,3.9820446448884823,917
6.354468651176921,122.28213254324218,1.122994864869241,4.510697992463206,918
0.0,0.0,1.0056324729465138,4.110167792481975,919
0.0,0.0,0.9899219808581897,3.3174519418561386,920
1.5441806545956989,10.775169527542351,1.039584568680463,3.105976087741596,921
0.0,0.0,1.2001127795679667,3.753676155762702,922
1.025700890495865,133.49016474330844,1.004720783939818,2.3549330355130658,923
0.0,0.0,1.234311818284866,4.386048778267364,924
0.0,0.0,1.0528660834726036,2.786956692764935,925
5.073461390477259,143.17807492796246,1.1355681993397568,3.2659085241711896,926
0.0,0.0,1.2031359354281512,2.2901882287930007,927
1.0763864552944948,3.6664192547468777,1.1157078559373945,3.022114913007851,928
1.160702985292626,4.3586044953608605,1.2192155276177834,3.1758275019777793,929
5.786770297654127,167.73748720375326,1.0651526782576848,2.314271890596643,930
2.250915206568951,163.7376425019552,1.2771112183842623,4.159500380585816,931
1.80888932469788,6.649925995499255,1.244305264840592,2.862422302108841,932
1.2083717316338218,5.776721800969279,1.05606590208778,3.356220638607879,933
0.5707568972596176,133.46464019327595,1.2647934843098418,2.9160743160127307,934
0.5451184897797378,146.60169203196347,1.0968297935668294,2.652332954866542,935
1.2152291636545933,3.938124368422126,1.1104666812146373,3.082430760204484,936
1.1046523952862417,9.710498234379987,1.2524523099586358,2.9807522060497447,937
0.9413562386764726,3.600071402235591,1.2037283062706887,2.572757923350323,938
1.376501212302103,4.8642950976735975,1.184186434237887,3.2372997163245794,939
1.1600518393466435,2.807510581022042,1.0951171643143969,3.1254236302993528,940
1.2233736704483034,2.9542632626439005,0.9909763327646484,0.4557981905718772,941
1.7153308213199134,6.453930823992259,1.1134108252240547,4.494247794993265,942
1.4088999866484098,4.3992546677101325,0.9564319632505369,1.338467708210101,943
1.1118038167785178,2.534524576188912,1.2616710523418742,2.780241618043191,944
0.9048590227204574,2.7165553531679394,1.1119897626206727,2.711675755740869,945
1.1045027290630507,0.9930472434032988,1.195144074592307,3.938000853888131,946
1.2627535260684695,2.830340291715378,1.218274407871431,2.9742073307928396,947
1.1932597484800136,1.726911265935383,1.2790916136512946,3.580721546185359,948
0.29296191758975043,88.62804848802705,1.1851918045428227,4.751488395273729,949
1.0725568944956243,2.6621320851819674,1.314904474574612,3.2004960649381085,950
1.2562616053098425,2.3492885751456,1.190034511167418,2.310453280044357,951
1.294012350519705,2.222988752572601,1.3504383470536698,2.7322800193648242,952
1.055577546668929,6.513279043914877,1.353589148463525,3.953123707816114,953
1.651778970754445,5.6369265520172105,1.2890156332015354,3.924063058266954,954
1.2107270895655442,3.5830137461615124,1.2730878502028775,1.9957014356721021,955
0.5908345495270038,12.38158518797446,1.384683979303637,4.372238539268447,956
1.3968559976638328,2.987593576296893,1.373005773196896,2.963145407738252,957
1.292080571883184,4.99680265153388,1.4085658446018519,3.216923709690048,958
1.4254848166175256,3.1651459501798964,1.369616781460006,3.7711851921882245,959
0.4221629340629846,30.207970755398552,1.1870767460205047,2.456210053834736,960
1.3436559399581076,4.5398548973648545,1.396078332534862,2.6708070419971865,961
1.4099370340850153,2.401953284322702,1.3816097042565036,3.4903011206032177,962
1.628956825840795,3.1863178172637063,1.1179571334312717,2.8413323182222503,963
3.482596261428821,7.767222574087722,1.201894117181968,5.107716610538156,964
1.1641859712396023,4.9882824723668975,1.4062104857110755,3.3403126827444893,965
0.9263142076922678,15.411488070225895,1.1079164141654974,7.596238040704564,966
1.5521982450242617,4.47040770075839,1.042014870988279,2.2600225495674446,967
1.5731567084595137,3.5181027050442246,1.2937082948604268,2.48400707643098,968
1.6817886087005443,3.9205153007658162,1.6246054821313425,3.0856647645146076,969
0.8346491152252365,25.928092096234074,1.4244264324631888,3.676271663305585,970
1.2629214670885625,8.953037404706532,1.3877754424743705,3.384820906364806,971
0.9081739534609612,22.111730007320112,1.4446657328696704,2.5814588086016848,972
1.3064172174516289,7.368037878597063,1.5152583025959663,2.9765854333233643,973
0.8862142709259363,16.195938351508,1.3729775192395282,3.9572828947688925,974
0.39473871176507025,14.452860397681832,1.4019089935863078,3.6379309885672955,975
0.8156552497517304,15.835756063214825,1.2465804878550242,2.790599682047934,976
1.1851731162633539,2.53355290575331,1.4111730715969018,2.934962812276711,977
1.3887119128856649,3.352938568817517,1.2856802378911072,2.091952330473601,978
0.8610689925221752,5.8548653253549965,1.4701960968744094,2.507634419308847,979
1.0335314559668691,36.21756428673525,1.3454317275619927,3.8138641552589325,980
0.4950558762618461,71.80594481111902,1.2161539467035571,3.307914155547671,981
1.6145338582107611,3.9082083210784018,1.3663862356750647,3.030237536029945,982
1.2515672849645465,6.690278830980013,1.6404937554084689,4.263377400590965,983
3.841368084468466,8.738094347179516,1.6294855059094873,3.6364656950173413,984
1.0050725716858333,3.2954859453311514,1.358791604416203,2.7352145291177434,985
0.7263675592831955,148.4288136500277,1.500486633011789,3.742909523909375,986
1.8126892893132078,5.98116992900785,1.2706451826217293,2.4595988946232916,987
1.661580155671634,4.228707939565642,1.3562209734636457,2.0919900426668647,988
0.9951775149836153,5.27403172888972,0.9987523950347302,2.359052894618123,989
2.49921797909107,7.17191350656513,1.5408869711337474,3.126690582667463,990
4.634146526238967,140.98694658120493,1.4679816638129586,2.860468867147289,991
1.1141824200513817,14.119501007086077,1.3079256883895232,2.290464176386809,992
2.5122395802469657,6.456684452119991,1.2261720827768137,3.3844427026785726,993
3.6534423839943924,168.03502985216048,1.074693256902989,4.226830918372702,994
0.36657855112636145,54.14575930712931,1.6230627328927152,4.152369234839598,995
1.446657816835543,158.43667847991668,1.261231826107969,4.2187815444268235,996
1.434079890552296,155.61481948456364,1.2513800567365063,3.0283407143849828,997
1.4513175113095687,6.075991313194893,1.3356407287258716,2.9414296730629466,998
1.3659813733211703,3.7518794583082276,1.3563058948249753,2.6825576470673616,999
1.206882847926314,3.3194326672198953,1.2662136052584863,2.341901768629304,1000
1.4028571850760616,5.492412756070135,1.299137693975538,3.4254136327475444,1001
1.3055921924200427,3.0599120610012216,1.4000820159258323,3.5182046601136006,1002
1.2098604109569213,3.8747636076640393,1.1697921237745932,4.850652775556388,1003
0.750315042821176,32.43296241229206,1.009670021020384,2.702086163349878,1004
3.039258470899603,9.503592575273773,0.9744254796187977,3.7123677463381575,1005
1.3536433393535343,3.733126438987904,1.0405241016908129,1.1972675793529042,1006
1.5603772349734069,6.179651302831684,1.570265127339936,3.6866183323499016,1007
1.3584631281416069,5.066519450382336,0.8937098600931472,5.910305973251616,1008
1.6981683144380206,7.246109547766745,1.1146281104321238,2.384435379723034,1009
0.9242404590327393,3.553852566245922,1.0610457079561522,4.134356537790722,1010
0.7447021619745452,3.1910711682843442,0.8755387602208609,4.3315210733244625,1011
0.4479885994847648,10.410189777504055,0.6885468037392543,5.740095757273735,1012
1.0570783915351984,4.6287869792673275,0.861298473928317,2.680343310602682,1013
0.7873003143848408,4.616860293410553,0.9956507950534144,2.9035948844500847,1014
0.6671529582861816,12.435291038503552,0.8808413438330148,3.8707427084675863,1015
0.35690621933735944,16.030111864715945,0.9309027667921679,2.8258133330496564,1016
1.34032276637191,6.257073715321368,0.9087507177775959,2.2726443121695925,1017
1.6261362713264187,8.388511425070808,0.9713614913191709,5.335018961829014,1018
1.1695713090173958,5.411359817174755,0.7726603437271663,1.6851006749509925,1019
1.2466212335467302,8.635347555194825,0.6073254283017759,2.373563436592049,1020
1.0327082563450716,5.980413408210169,0.7224961714044336,2.31300694814365,1021
0.8370747018830214,15.146640579264048,1.116072210070395,6.594705991853554,1022
0.20159841905618855,34.655029535146255,0.7408171311885612,2.7354715349008263,1023
0.4842315073971096,5.821962130867716,0.5964478899329022,2.6554078446400555,1024
0.7702328510404661,3.0452642516712385,0.6444147580030336,2.593740239107233,1025
0.795159541739839,3.414635281401125,0.6073942616040446,1.5525235820760557,1026
1.4004793644762479,8.81990525113491,0.7815189145134933,3.217941762930936,1027
0.5612719905566852,4.275781855572995,0.7554334912740828,2.4705370628238934,1028
0.5528589273203939,2.975655594073778,0.6068340230128734,2.847334446607631,1029
0.6557036797243052,1.6156612232732066,0.5513207391656815,2.120182609530367,1030
0.6242987698597522,4.041458022516223,0.5445870993763395,3.0127038744937464,1031
0.5950939948998327,2.2386407111255084,0.6987359385600457,2.171319529989672,1032
0.7744711186901957,3.0677896585495725,0.7536557367357398,2.7794541524930243,1033
0.6105925279657969,2.156081963191401,0.6834880669095186,3.6799934410433703,1034
0.5907879373560113,1.9773280812958411,0.8757952955468954,4.950098128069364,1035
0.7715996404625658,2.709319093512859,0.8334631960585043,3.427585573322554,1036
0.5917806286167547,13.47363547081516,0.7827621165622145,4.103966255952646,1037
0.6367379411156533,14.645803805937234,0.7870378064718195,3.2749282368731745,1038
0.5306697555986362,12.687206848276135,0.7082217221956866,7.311952473662772,1039
0.6587078560120789,3.125738215763251,0.690367598088893,5.43523122186418,1040
0.5632117027691459,7.767608725285117,0.7034680516974817,4.2414782297557405,1041
0.29113837293570827,29.252235718398897,0.7660401264332356,2.357201903846568,1042
0.20867634895849704,120.87862303651562,0.8240214989294018,3.7093896341891153,1043
0.936919628808211,5.106361567848354,0.7960488463829831,3.3069135616328422,1044
1.3050679470259785,7.701544392756432,0.8498109996478594,3.7484490397748624,1045
1.3256054855345074,8.063524881024211,0.7099153762505812,2.2237993338120026,1046
0.8628863269818494,5.452325622648693,0.8396059895547692,3.0158736434115068,1047
0.6223827226401671,8.299386423468961,0.6680127980324887,2.3643309905306484,1048
0.8220826976665953,4.323348090301047,0.8235344164859597,3.364567577851227,1049
0.4792689530586919,13.87012217416918,0.8572211761628664,2.9707097499385595,1050
0.6642287263699073,8.902580539562322,0.9579653283455737,4.451504988819127,1051
0.8012511161004124,2.6161874398318368,0.812146356737601,2.6107571152264484,1052
0.9118257186556382,4.784437712757099,0.812997148204744,2.7196502287204978,1053
0.6774203802463395,1.597514043988764,0.9038489062222164,3.311175016227345,1054
0.9981609203536539,5.022292789997786,0.8468744831112593,2.6806578886501238,1055
0.20829352021427128,57.60963706944361,0.8240308152543133,2.527622130970253,1056
0.9273370641924495,3.2823161655073454,0.8870161903588365,2.6259673963711614,1057
0.9254096124085941,3.9951047223403564,0.8867193440649379,3.672541841785896,1058
1.18481568016746,5.292464141960844,0.9272317223887305,2.8222324081874164,1059
0.6076590260845277,8.353444254407247,0.774111419900433,1.5414121263330116,1060
2.219244737758182,8.721835313408889,1.048115168277652,4.528892980714573,1061
1.0341034639373958,7.298840990623397,0.6615412038164958,1.9860825273824367,1062
0.22954379821293602,27.098084088244402,0.930319647099964,2.8217076886671295,1063
0.6443800031683861,4.938500250714692,0.995516131342393,3.4510079766051307,1064
0.7638319282827702,0.6698332514087092,0.9881796567720409,3.0320606409946578,1065
0.888924538724179,4.331619009253232,0.953222454879138,3.2436338679992534,1066
0.7224322698011402,2.3022562089408622,0.7163418572019647,2.80384741043935,1067
0.896022404014542,2.479989873495147,0.8951121244330341,2.1723933203680454,1068
0.5415284807335102,10.245017300825113,1.0489233881982465,4.03103726303169,1069
0.9965061968233788,5.980376198969445,0.8424630169586506,2.9686492233830424,1070
3.343220673107046,139.15437412607616,1.0145163770762038,4.8749743757330375,1071
0.5350701051857114,20.211788553497232,0.9498124852341125,3.1848498829881904,1072
3.5448439914100454,18.160756638651552,0.9325089175698741,3.060776984877875,1073
0.8901661297615451,2.7619234861172535,0.9617274329051819,3.446725637542251,1074
1.6862615340311202,9.764292195500396,0.8284342950282098,1.4177642658855114,1075
0.7942319900696839,0.4648478602054366,0.8444421599554506,1.3275049336258873,1076
1.1043392992313386,5.169993121802425,0.800110525006099,1.13263642814414,1077
1.0019828400205368,3.8926070539325504,0.8715670290333802,1.8696467416743394,1078
0.9646556603564972,3.4539201593688507,0.9185967461765593,2.363366770248671,1079
0.8205936615885729,0.6444275211131721,0.8621912706447088,1.8714593958720187,1080
0.0,0.0,0.8196126143441255,3.717384280475392,1081
0.9622875238612473,7.463395184712181,0.7856019593342712,3.519198493151285,1082
0.0,0.0,0.5430870087155122,6.297344902135095,1083
0.22506649797530198,37.96037648875791,0.8560652247429725,3.013537617992779,1084
1.2484511317077296,5.514046268029964,0.8791385613139042,2.5599245342342134,1085
0.5780144584154643,5.652255638495857,0.9162736453079899,2.1425181747733046,1086
1.4882275800659581,2.5848897873719827,0.5957496311396052,3.8441863173121162,1087
0.9268236069551342,4.40870988361462,0.8172641891656236,3.538643533622457,1088
0.8018979315156982,3.779252991352302,0.703972208522516,1.8234297585793346,1089
0.30205266555921656,142.37326434223257,0.8009053607816676,4.179359431994791,1090
0.904068919753244,4.69844205807729,0.8177149366369499,4.112681621429673,1091
1.2112722973086876,7.900893142767467,0.7507380518348228,3.032199048536148,1092
0.48138476015073073,159.0077717122778,0.5955871963385749,1.5874465671844777,1093
1.3256022489806902,8.484483398545978,0.6853403321873991,1.958345733887869,1094
1.2969794267113706,7.599930328895709,0.7318738678387681,2.578219223678995,1095
0.9236086150202512,5.500393055195685,0.7659356796659285,2.776214543425126,1096
1.785714045295673,161.41015211538016,0.7217188395240219,1.5131677957208216,1097
0.2807902276153309,12.423825663551412,0.5518545950783702,1.374899302937603,1098
0.9882290985227663,154.12963853606365,0.6877027521436828,2.093859606166718,1099
